id,predicted
7ae19de7bc2a,207960 10 208663 12 209366 13 210069 14 210773 14 211477 14 212181 14 212885 13 213589 12 214293 12 214997 11 215701 9 216405 7
7ae19de7bc2a,146709 7 147413 9 148117 11 148821 13 149525 15 150229 16 150933 19 151637 21 152341 23 153046 24 153751 24 154456 25 155162 25 155868 24 156575 22 157283 18 157991 14 158699 10 159406 7
7ae19de7bc2a,140245 6 140948 8 141652 9 142356 9 143060 9 143764 10 144468 10 145172 10 145876 11 146581 10 147285 10 147990 9 148694 9 149399 8 150103 8 150808 7 151513 6 152217 6 152922 5 153628 2
7ae19de7bc2a,224277 12 224978 17 225679 21 226381 24 227083 26 227786 26 228489 24 229193 22 229898 18 230604 14 231310 11 232019 4
7ae19de7bc2a,317493 9 318194 14 318896 16 319598 18 320300 20 321002 22 321704 24 322405 27 323107 28 323809 30 324512 29 325215 28 325919 22 326622 15 327327 8 328033 1
7ae19de7bc2a,148931 5 149633 9 150336 11 151038 13 151741 15 152444 17 153146 19 153849 20 154553 21 155257 21 155961 21 156666 20 157370 20 158075 19 158779 20 159484 19 160189 18 160894 17 161600 15 162306 13 163011 12 163716 11 164421 9 165127 6
7ae19de7bc2a,297653 11 298357 14 299061 17 299764 21 300468 21 301171 23 301874 24 302567 4 302575 27 303271 35 303974 36 304678 36 305382 36 306086 36 306790 35 307493 36 308197 36 308901 17 308926 11 309605 12 309635 6 310309 9 311013 6 311718 3
7ae19de7bc2a,109413 4 110116 7 110820 9 111524 11 112228 13 112932 14 113636 15 114340 17 115044 18 115748 19 116453 19 117157 19 117863 18 118570 15 119280 8
7ae19de7bc2a,177345 14 178041 23 178744 25 179448 25 180152 24 180856 24 181560 24 182264 23 182968 22 183673 20 184377 19 185081 19 185786 16 186490 15 187194 14 187899 12 188603 11 189307 10 190011 9 190716 7 191422 3
7ae19de7bc2a,96418 4 97121 7 97825 7 98529 8 99233 9 99936 10 100640 11 101344 12 102049 11 102753 11 103457 12 104161 12 104865 12 105569 12 106273 12 106978 11 107682 11 108387 10 109091 10 109795 9 110500 8 111204 8 111909 6 112614 4 113319 2
7ae19de7bc2a,197395 6 198099 9 198803 12 199507 14 200212 15 200916 17 201620 18 202324 19 203029 18 203733 19 204437 19 205142 18 205846 18 206551 17 207256 15 207970 4
7ae19de7bc2a,321369 2 322072 5 322775 6 323478 8 324182 8 324886 8 325589 9 326293 9 326997 9 327701 9 328405 9 329109 9 329813 9 330517 9 331221 9 331925 9 332629 8 333333 8 334037 7 334742 6 335447 4 336152 3
7ae19de7bc2a,48446 16 49147 20 49847 24 50549 25 51253 24 51957 23 52661 22 53365 21 54069 20 54773 19 55477 18 56181 17 56885 16 57590 14 58294 13 58999 12 59703 11 60408 9 61113 8 61817 7 62523 4
7ae19de7bc2a,43698 1 44397 9 45097 13 45795 19 46496 22 47198 23 47901 23 48603 25 49307 24 50011 23 50715 22 51421 19 52130 12
7ae19de7bc2a,26625 15 27328 17 28030 19 28733 20 29436 21 30139 22 30843 22 31547 22 32251 22 32956 20 33660 18 34365 15 35070 12 35775 9
7ae19de7bc2a,115964 6 116666 8 117369 10 118072 11 118776 11 119479 12 120183 12 120887 12 121591 12 122294 13 122998 13 123703 12 124407 12 125111 12 125815 12 126520 11 127224 11 127928 10 128633 9 129337 9 130042 7 130746 7 131451 5 132156 4
7ae19de7bc2a,185332 8 186036 9 186740 10 187444 12 188149 12 188853 14 189558 15 190262 16 190966 16 191671 15 192375 15 193079 15 193784 14 194488 14 195192 14 195897 13 196601 13 197306 11 198010 11 198715 10 199420 9 200124 8 200829 7 201534 6 202239 4
7ae19de7bc2a,77095 10 77799 10 78502 12 79206 12 79909 13 80613 13 81316 14 82020 14 82723 14 83427 13 84130 14 84833 14 85537 13 86240 14 86944 13 87647 13 88351 12 89055 12 89759 11 90463 10 91168 7 91872 6 92577 3
7ae19de7bc2a,154893 2 155594 5 156296 7 156999 8 157700 10 158402 12 159105 12 159809 11 160513 9 161217 8 161921 7 162625 6 163329 5 164033 4 164737 2
7ae19de7bc2a,337746 3 338449 6 339152 8 339856 9 340560 9 341264 10 341968 11 342672 11 343376 12 344080 13 344784 15 345487 17 346191 18 346895 18 347599 19 348303 19 349007 19 349711 19 350415 19 351119 19 351823 19 352527 19 353231 19 353936 18 354640 18 355345 17 356049 17 356754 16 357458 16 358163 15 358868 14 359573 13 360277 13 360982 12 361687 11 362392 9 363097 8 363802 8 364507 7 365214 3
7ae19de7bc2a,75823 6 76525 7 77226 10 77927 12 78628 14 79329 16 80031 17 80733 18 81436 18 82140 18 82844 17 83549 15 84253 14 84957 13 85662 12 86367 10 87071 10 87776 8 88481 7 89187 4
7ae19de7bc2a,139303 5 140002 20 140706 22 141410 23 142114 23 142818 22 143522 22 144226 21 144930 20 145634 20 146339 18 147043 18 147747 18 148451 17 149156 16 149860 15 150564 15 151269 14 151973 14 152678 12 153382 12 154088 9 154793 6
7ae19de7bc2a,203619 4 204323 4 205026 6 205729 7 206432 8 207136 9 207840 9 208545 9 209249 1 209251 8 209951 14 210653 21 211356 28 212060 31 212764 33 213468 35 214173 34 214878 34 215584 32 216290 30 216998 26 217705 23 218413 19 219125 10
7ae19de7bc2a,219097 1 219800 5 220503 7 221207 7 221910 9 222615 8 223319 9 224023 10 224727 10 225432 10 226137 10 226841 11 227546 11 228251 10 228956 9 229661 8 230366 7 231072 4 231777 2
7ae19de7bc2a,257813 7 258515 11 259218 13 259922 14 260626 15 261330 16 262034 16 262739 16 263443 16 264148 16 264852 16 265557 15 266261 15 266966 14 267670 13 268375 11 269079 10 269784 7 270490 2
7ae19de7bc2a,303735 3 304435 9 305138 11 305841 12 306544 13 307247 14 307951 14 308654 14 309357 15 310061 14 310764 14 311468 14 312172 13 312876 12 313579 12 314283 11 314987 10 315692 8
7ae19de7bc2a,40927 3 41630 5 42333 6 43036 7 43740 8 44443 9 45147 10 45851 10 46555 10 47258 12 47962 12 48666 12 49370 11 50074 10 50778 9 51483 6
7ae19de7bc2a,142321 10 143023 13 143726 15 144429 16 145131 18 145834 18 146537 19 147239 20 147941 22 148643 23 149345 24 150047 25 150751 24 151463 14
7ae19de7bc2a,282485 9 283183 16 283885 19 284589 19 285293 19 285997 19 286702 18 287407 17 288112 16 288817 12 289524 6
7ae19de7bc2a,132813 12 133516 14 134220 14 134924 14 135628 14 136332 14 137037 14 137742 13 138447 12 139152 11 139857 10 140562 9 141267 7 141973 5
7ae19de7bc2a,235266 3 235970 6 236674 7 237378 9 238082 11 238786 13 239491 13 240195 15 240899 16 241604 17 242309 17 243013 19 243719 20 244424 19 245131 16 245837 14 246543 12 247248 10 247954 8 248659 6 249364 5 250070 2
7ae19de7bc2a,62 12 762 15 1461 20 2162 22 2865 22 3569 21 4273 20 4977 19 5682 17 6386 15 7093 11 7800 6
7ae19de7bc2a,225621 6 226324 9 227027 12 227731 13 228435 14 229139 15 229843 16 230547 16 231251 17 231956 16 232661 15 233366 15 234072 13 234778 11 235484 9 236189 8 236894 6 237600 4
7ae19de7bc2a,165015 11 165717 15 166419 19 167123 19 167826 20 168531 19 169235 19 169939 19 170644 18 171348 18 172053 16 172757 15 173462 12
7ae19de7bc2a,1150 9 1854 10 2558 11 3261 12 3965 13 4670 12 5374 13 6078 13 6782 13 7486 13 8191 12 8896 11 9600 10 10305 8 11011 4
7ae19de7bc2a,305358 9 306060 13 306764 14 307468 16 308172 18 308876 18 309580 19 310285 19 310990 19 311695 19 312400 18 313105 18 313811 17 314516 17 315221 16 315926 16 316631 15 317336 14 318042 13 318747 12 319452 11 320157 10 320862 9 321567 7 322273 4
7ae19de7bc2a,219840 5 220544 7 221249 8 221953 10 222658 11 223362 12 224067 13 224772 13 225476 14 226181 14 226886 13 227591 13 228296 12 229001 12 229707 10 230412 9 231118 7 231823 6 232528 5
7ae19de7bc2a,33230 3 33933 4 34636 5 35339 6 36042 6 36745 7 37448 7 38151 8 38854 8 39557 9 40259 10 40961 12 41664 12 42366 14 43068 15 43771 16 44474 17 45177 17 45881 17 46584 17 47287 18 47991 18 48694 18 49397 19 50101 18 50805 18 51509 18 52213 17 52917 16 53622 14 54327 12 55033 5
7ae19de7bc2a,116552 9 117249 16 117947 22 118649 24 119352 25 120056 25 120759 26 121463 26 122167 26 122871 24 123575 9 124280 1
7ae19de7bc2a,101399 18 102100 24 102802 27 103504 29 104209 27 104915 24 105621 20 106328 14
7ae19de7bc2a,60100 7 60803 9 61506 10 62209 12 62913 12 63616 14 64320 14 65024 15 65729 14 66434 14 67139 13 67845 12 68550 11 69256 10 69963 7 70669 5
7ae19de7bc2a,92169 10 92871 12 93574 14 94277 15 94980 16 95684 16 96388 16 97091 17 97796 16 98500 15 99206 12 99913 7
7ae19de7bc2a,342581 4 343284 7 343987 9 344690 10 345393 12 346096 13 346798 15 347501 16 348204 16 348881 3 348907 16 349585 5 349609 17 350289 8 350311 18 350993 13 351011 21 351697 38 352401 36 353106 34 353810 33 354514 32 355218 31 355922 30 356627 28 357332 26 358040 20 358749 15 359455 12 360161 9 360866 7 361570 6 362274 5
7ae19de7bc2a,34772 8 35475 14 36178 17 36881 18 37584 19 38287 20 38991 19 39695 15 40399 13 41103 11 41807 10 42511 9 43215 8 43919 7 44623 6 45328 4 46033 2
7ae19de7bc2a,353706 4 354409 6 355112 7 355814 10 356517 11 357219 13 357922 14 358626 13 359329 14 360033 13 360737 13 361442 11 362146 11 362851 9 363555 8 364260 6
7ae19de7bc2a,180305 4 181008 6 181711 7 182414 9 183118 9 183822 9 184525 11 185229 11 185933 11 186637 12 187341 12 188045 12 188749 12 189454 11 190159 10 190863 10 191568 9 192273 8 192978 7 193684 5
7ae19de7bc2a,59199 2 59902 4 60605 6 61308 8 62012 9 62715 11 63419 12 64122 15 64826 17 65530 18 66234 18 66938 17 67642 16 68346 15 69050 14 69754 12 70458 11 71162 10 71867 8
7ae19de7bc2a,16871 10 17574 11 18277 12 18979 14 19682 14 20384 14 21086 15 21789 14 22492 14 23195 14 23899 13 24603 12 25307 11 26010 11 26715 9 27419 8 28124 6 28830 3
7ae19de7bc2a,88885 8 89588 11 90292 12 90996 13 91700 14 92404 15 93108 16 93812 16 94515 17 95219 17 95923 17 96626 17 97330 15 98033 14 98737 12 99441 10 100146 7 100851 4
7ae19de7bc2a,204353 2 205056 5 205759 6 206463 7 207167 7 207870 9 208574 9 209278 9 209982 10 210686 10 211389 12 212093 12 212798 11 213503 11 214207 11 214912 10 215617 9 216322 8
7ae19de7bc2a,336157 8 336859 11 337562 12 338265 14 338968 15 339672 16 340376 16 341080 17 341784 17 342488 17 343192 18 343896 18 344600 19 345305 18 346012 15 346718 13 347424 11 348131 8
7ae19de7bc2a,258864 4 259567 7 260270 9 260973 12 261677 14 262381 15 263085 17 263788 19 264492 20 265196 21 265901 21 266605 23 267309 24 268012 25 268716 26 269420 26 270124 25 270828 24 271532 23 272236 22 272941 20 273645 19 274349 18 275053 16 275757 15 276462 12 277166 10 277870 9 278574 7 279279 5
7ae19de7bc2a,293185 4 293886 10 294589 13 295293 13 295997 14 296701 14 297405 15 298109 15 298813 15 299517 14 300223 12 300928 9 301634 4
7ae19de7bc2a,279263 13 279967 15 280671 17 281375 19 282079 21 282784 21 283489 21 284195 20 284900 20 285607 18 286314 17 287021 15 287728 13 288434 11 289140 9 289845 8 290550 7 291256 5 291962 3
7ae19de7bc2a,228261 8 228965 9 229669 11 230373 12 231076 13 231779 14 232482 15 233187 13 233892 11 234598 8
7ae19de7bc2a,168744 4 169446 8 170148 12 170850 15 171553 17 172256 18 172958 20 173659 23 174361 24 175063 25 175765 24 176467 23 177171 21 177874 19 178578 18 179282 16 179986 16 180691 14 181396 13 182102 10
7ae19de7bc2a,46903 10 47604 12 48305 15 49007 16 49710 16 50413 16 51116 16 51820 15 52524 15 53228 14 53933 12 54638 11 55343 9 56049 5
7ae19de7bc2a,295325 3 296028 4 296732 5 297436 5 298139 6 298843 6 299546 7 300250 8 300953 9 301657 9 302360 10 303064 11 303767 12 304471 12 305175 12 305879 13 306583 13 307287 13 307991 13 308695 13 309399 13 310103 13 310807 13 311512 12 312216 12 312920 12 313625 11 314329 11 315033 10 315738 9 316442 9 317146 9 317850 8 318555 7 319259 6
7ae19de7bc2a,118811 7 119515 11 120219 12 120923 13 121627 13 122331 13 123035 13 123739 13 124443 13 125147 13 125851 13 126555 13 127259 12 127963 12 128667 5 129371 4 130076 1
7ae19de7bc2a,178917 7 179620 8 180323 10 181026 11 181730 11 182434 11 183138 12 183841 13 184545 13 185249 13 185953 13 186657 13 187361 12 188065 12 188769 12 189473 11 190178 9 190882 8 191587 7 192291 6 192996 4 193700 2
7ae19de7bc2a,60248 8 60951 11 61654 13 62357 15 63060 16 63764 16 64468 16 65172 16 65877 14 66582 12 67288 8
7ae19de7bc2a,324080 10 324784 12 325488 13 326192 14 326896 15 327601 15 328306 15 329010 16 329715 16 330420 15 331125 15 331830 15 332536 14 333242 12 333949 10 334656 7 335364 1
7ae19de7bc2a,83345 8 84049 9 84753 9 85457 10 86161 10 86866 10 87570 10 88275 10 88979 10 89684 10 90388 10 91092 11 91797 11 92501 11 93206 11 93910 11 94615 11 95319 12 96024 12 96728 12 97432 13 98137 12 98841 12 99546 11 100250 11 100955 10 101659 9 102363 9 103067 8 103772 7 104476 6 105180 6 105885 4
7ae19de7bc2a,206803 17 207503 23 208204 28 208908 29 209611 30 210315 30 211020 29 211725 27 212430 26 213136 24 213842 9 214546 6 215251 3
7ae19de7bc2a,172138 4 172840 8 173542 10 174245 11 174948 12 175651 13 176354 14 177058 14 177762 13 178466 12 179170 12 179874 10 180579 7 181284 3
7ae19de7bc2a,334327 13 335029 20 335732 25 336437 26 337142 27 337848 27 338553 27 339259 26 339965 26 340672 24 341378 23 342084 22 342790 22 343497 20 344203 19 344909 18 345615 18 346321 16 347028 13 347734 9
7ae19de7bc2a,165135 1 165836 6 166539 7 167242 8 167945 10 168648 11 169351 12 170055 12 170758 13 171461 14 172165 15 172868 15 173572 15 174275 16 174978 17 175682 16 176385 16 177089 14 177792 14 178495 14 179199 13 179902 12 180606 11 181310 11 182013 11 182716 11 183420 10 184124 9 184828 8 185532 7 186236 6 186940 6 187645 4
7ae19de7bc2a,64117 2 64820 5 65523 7 66226 8 66930 8 67633 9 68337 9 69041 9 69744 10 70448 10 71152 10 71856 10 72559 10 73263 9 73967 7 74671 6
7ae19de7bc2a,79998 8 80702 11 81406 13 82110 14 82815 14 83519 15 84224 14 84929 13 85634 12 86339 11 87044 9 87750 7 88455 6 89162 1
7ae19de7bc2a,244413 10 245117 12 245821 14 246526 15 247233 13 247938 14 248645 13 249350 13 250055 14 250761 13 251466 13 252171 12 252876 13 253581 13 254286 12 254991 11 255696 11 256401 9 257106 8 257811 2
7ae19de7bc2a,263924 10 264627 15 265331 17 266036 18 266740 20 267445 20 268151 19 268856 19 269562 18 270268 17 270974 15 271679 14 272385 12 273092 8
7ae19de7bc2a,187301 7 188003 13 188706 15 189410 15 190114 15 190818 15 191522 15 192226 15 192930 15 193635 15 194339 15 195043 15 195748 14 196452 14 197156 7 197167 3 197860 13 198565 11 199270 8 199976 3
7ae19de7bc2a,117191 5 117894 8 118598 9 119302 11 120006 11 120711 12 121415 13 122119 14 122824 14 123528 15 124232 15 124937 15 125641 16 126345 17 127051 15 127756 15 128462 14 129168 12 129875 9 130582 5
7ae19de7bc2a,49537 5 50240 8 50944 9 51648 10 52352 11 53056 12 53760 14 54464 15 55169 15 55873 15 56578 15 57283 14 57988 11 58693 8
7ae19de7bc2a,63535 4 64238 7 64941 8 65644 10 66348 10 67052 10 67756 10 68460 11 69164 11 69868 11 70572 11 71276 11 71981 10 72685 10 73390 9 74094 8 74799 7 75503 7 76208 5 76912 5 77617 4 78322 2 79027 1
7ae19de7bc2a,6385 1 7088 5 7791 9 8494 13 9198 12 9901 12 10605 12 11308 12 12011 12 12715 11 13418 11 14122 10 14826 8 15531 3
7ae19de7bc2a,144261 34 144966 35 145671 34 146377 32 147083 30 147789 28 148495 25 149201 21 149908 15
7ae19de7bc2a,255158 6 255861 10 256565 13 257269 15 257974 16 258678 18 259383 19 260089 19 260794 20 261500 19 262205 19 262911 18 263618 14 264331 4
7ae19de7bc2a,117882 9 118585 11 119289 13 119993 13 120698 13 121403 12 122108 11 122813 11 123517 11 124222 10 124927 8 125632 6
7ae19de7bc2a,117075 4 117778 8 118481 13 119183 17 119885 20 120588 21 121291 21 121994 21 122697 19 123400 17 124103 14 124806 12 125509 10 126213 7
7ae19de7bc2a,264324 7 265023 15 265726 17 266429 18 267133 18 267837 17 268541 16 269246 14 269950 13 270655 11 271359 11 272063 10 272766 11 273470 11 274174 10 274878 10 275581 11 276285 11 276989 10 277693 10 278398 9 279102 9 279807 7 280513 5
7ae19de7bc2a,1226 10 1929 12 2633 12 3337 12 4041 13 4745 13 5450 12 6154 12 6859 12 7564 11 8268 11 8973 10 9678 10 10383 9 11088 8 11793 7 12498 6 13204 3
7ae19de7bc2a,45600 9 46299 24 47002 26 47706 27 48410 27 49114 25 49818 22 50522 16 51227 10 51931 7 52635 5 53339 4 54044 1
7ae19de7bc2a,98736 1 99436 5 100122 24 100825 26 101528 30 102232 30 102936 29 103640 29 104353 19 105062 13 105768 10 106474 7 107179 5 107885 2
7ae19de7bc2a,200492 4 201196 5 201899 6 202603 7 203306 9 204007 12 204710 14 205413 16 206117 16 206821 16 207526 15 208232 12 208937 7 209641 4
7ae19de7bc2a,170077 3 170780 4 171483 5 172185 7 172888 8 173589 11 174292 12 174995 13 175698 13 176402 13 177105 14 177808 14 178512 14 179216 12 179921 11 180625 9 181330 6
7ae19de7bc2a,41074 9 41777 14 42481 17 43185 20 43889 23 44593 23 45299 21 46006 18 46712 15 47418 13 48124 11 48830 8 49536 1
7ae19de7bc2a,131051 15 131752 20 132453 24 133156 24 133858 24 134560 22 135262 20 135964 19 136666 19 137368 18 138070 16 138774 12 139478 7
7ae19de7bc2a,289240 15 289942 18 290645 20 291349 19 292053 19 292757 19 293462 18 294169 14 294877 9
7ae19de7bc2a,132609 4 133312 7 134016 7 134720 7 135424 7 136128 7 136832 7 137536 7 138240 7 138944 8 139648 8 140352 8 141056 8 141760 9 142464 9 143168 9 143872 10 144576 10 145280 10 145984 11 146688 11 147393 10 148097 11 148801 11 149505 12 150210 11 150914 12 151619 11 152323 11 153027 11 153732 10 154437 9 155141 9 155847 6
7ae19de7bc2a,153270 8 153973 10 154676 11 155380 11 156083 12 156787 13 157492 12 158196 12 158900 12 159604 12 160308 12 161012 12 161716 12 162420 12 163125 12 163829 12 164533 12 165238 11 165942 11 166646 11 167351 10 168056 8 168764 3
7ae19de7bc2a,91448 13 92151 15 92854 16 93558 16 94263 14 94967 13 95671 13 96375 13 97079 12 97783 12 98487 11 99191 10 99895 9 100599 8 101302 8 102006 7 102710 6 103414 5 104118 4
7ae19de7bc2a,212044 8 212746 13 213450 13 214154 13 214858 14 215562 14 216267 14 216971 14 217676 13 218381 12 219086 11 219790 10 220495 8 221201 6
7ae19de7bc2a,78908 9 79611 11 80314 12 81017 13 81721 13 82425 13 83129 13 83833 13 84537 13 85241 13 85945 13 86650 12 87354 12 88059 10 88763 10 89468 8 90172 7 90876 6 91582 3
7ae19de7bc2a,10523 7 11227 7 11930 9 12633 11 13336 13 14040 14 14743 15 15447 15 16151 15 16856 14 17561 12 18266 10 18971 8 19678 1
7ae19de7bc2a,275681 9 276382 14 277085 17 277789 17 278493 18 279197 18 279901 18 280605 18 281310 17 282014 17 282719 16 283424 15 284128 15 284833 13 285538 11 286243 9 286947 8 287653 3
7ae19de7bc2a,15534 3 16235 7 16937 10 17639 13 18342 14 19046 14 19749 15 20452 16 21156 15 21859 15 22563 13 23267 10 23971 7 24675 3
7ae19de7bc2a,14716 19 15415 27 16116 31 16819 32 17521 34 18224 35 18926 36 19629 35 20332 34 21036 16 21058 11 21741 11 21765 5 22447 5
7ae19de7bc2a,325472 3 326176 6 326879 8 327582 10 328285 12 328989 13 329692 14 330397 14 331101 14 331806 14 332511 13 333216 13 333921 12 334626 12 335331 11 336037 9 336743 2
7ae19de7bc2a,112129 8 112832 13 113536 14 114240 16 114944 17 115649 17 116353 17 117058 16 117762 16 118467 14 119173 10 119878 7 120584 4
7ae19de7bc2a,136 23 840 23 1546 20 2251 18 2955 7 3662 2
7ae19de7bc2a,126737 13 127436 18 128137 21 128839 23 129541 25 130244 25 130947 26 131651 25 132355 25 133060 23 133764 22 134469 21 135173 20 135877 19 136582 18 137286 17 137991 15 138695 14 139399 13 140104 11 140808 10 141512 8 142216 7 142919 6 143623 5 144327 4 145031 3 145735 3 146438 3
7ae19de7bc2a,1908 11 2611 13 3313 15 4016 16 4719 17 5422 19 6126 19 6830 19 7535 18 8240 17 8945 16 9651 14 10357 12 11062 10 11768 8 12474 4
7ae19de7bc2a,293995 6 294699 8 295403 10 296108 10 296812 13 297516 15 298221 16 298925 16 299630 16 300335 15 301040 14 301747 12 302452 11 303158 9 303863 8 304568 7 305273 6 305980 2
d8bfd1dafdc4,227822 5 228524 9 229227 11 229931 11 230634 13 231337 15 232041 16 232744 17 233447 19 234150 20 234852 22 235555 23 236258 24 236960 26 237662 28 238365 28 239068 28 239770 29 240473 29 241176 28 241879 28 242581 27 243284 26 243988 25 244690 24 245393 23 246096 23 246798 23 247501 19 248204 18 248907 17 249610 17 250314 15 251017 15 251721 14 252424 13 253128 12 253831 12 254535 11 255238 11 255942 10 256645 11 257349 10 258053 10 258757 10 259461 10 260164 10 260868 10 261572 10 262276 10 262980 10 263684 10 264388 10 265092 9 265796 9 266500 9 267204 8 267907 9 268611 9 269315 8 270019 8 270723 7 271427 7 272131 7 272835 7 273539 7 274242 7 274946 7 275650 7 276354 7 277058 6 277762 6 278466 6 279169 7 279873 7 280577 6 281281 6 281985 6 282689 6 283393 6 284097 6 284801 6 285504 6 286208 6 286912 6 287616 6 288320 6 289023 7 289727 7 290431 6 291135 6 291840 5 292544 4
d8bfd1dafdc4,119 9 822 11 1526 11 2230 12 2935 11 3639 11 4343 12 5047 12 5751 13 6455 14 7159 14 7863 15 8568 15 9272 15 9976 16 10680 16 11384 17 12088 17 12792 18 13497 18 14201 18 14905 19 15609 19 16313 19 17017 20 17721 20 18426 19 19130 19 19834 19 20538 20 21242 20 21946 20 22650 21 23354 21 24059 20 24763 20 25467 20 26171 20 26875 21 27580 20 28284 20 28988 20 29692 21 30396 21 31100 21 31805 21 32509 21 33213 21 33917 21 34622 20 35326 20 36030 20 36735 19 37439 19 38144 18 38849 17 39553 17 40258 16 40963 15 41668 13 42373 11 43078 9 43783 7
d8bfd1dafdc4,325580 3 326283 5 326987 6 327692 6 328396 6 329101 5 329805 6 330509 6 331214 5 331918 6 332623 5 333327 5 334031 5 334735 6 335440 5 335459 5 336144 6 336160 8 336848 23 337553 21 338257 19 338961 17 339664 13 340368 11 341072 8 341776 7 342479 7 343183 6 343886 7 344590 6 345293 7 345997 6 346700 7 347404 6 348107 7 348810 8 349514 7 350217 8 350921 7 351624 8 352328 7 353032 7 353735 7 354439 6 355142 7 355846 7 356549 7 357253 6 357956 7 358660 6 359363 7 360067 7 360770 8 361473 9 362177 9 362880 9 363584 9 364288 7 364993 3
d8bfd1dafdc4,84910 2 85612 6 86312 9 87013 12 87714 13 88415 14 89116 13 89816 13 90519 12 91221 12 91922 14 92622 15 93323 16 94025 15 94725 17 95426 17 96123 20 96822 22 97521 24 98222 24 98924 20 99626 15 100328 15 101031 14 101734 12 102435 11 103138 11 103842 10 104545 10 105247 9 105949 9 106653 7 107355 7 108058 8 108760 9 109464 7 110167 6 110870 6 111572 7 112275 5 112978 5 113680 7 114382 9 115085 9 115788 8 116491 8 117193 9 117895 11 118596 13 119297 15 119999 16 120701 17 121403 18 122106 18 122810 17 123514 14 124219 11 124925 5
d8bfd1dafdc4,20433 3 21136 5 21840 7 22544 8 23247 10 23951 11 24655 11 25359 11 26064 11 26768 12 27473 11 28177 12 28882 12 29586 13 30291 12 30996 12 31700 12 32405 12 33110 13 33815 13 34519 14 35224 14 35928 16 36633 16 37338 17 38042 19 38747 20 39451 23 40156 24 40860 29 41565 45 42269 48 42973 51 43677 51 44382 51 45086 51 45791 49 46495 43 47200 37 47904 36 48609 34 49314 32 50019 30 50724 29 51429 27 52135 25 52840 24 53546 22 54252 20 54958 18 55665 14
d8bfd1dafdc4,29363 2 30066 3 30769 4 31473 5 32176 6 32880 6 33583 7 34286 8 34990 9 35694 9 36397 10 37101 10 37805 10 38508 12 39212 12 39915 13 40619 13 41322 14 42024 16 42728 16 43431 17 44135 17 44838 18 45541 19 46244 21 46946 23 47649 24 48350 27 48964 4 49051 30 49668 5 49753 32 50373 4 50453 37 51077 5 51151 44 51781 5 51851 48 52485 5 52552 52 53189 6 53251 57 53893 7 53946 66 54597 8 54648 69 55301 10 55349 72 56005 11 56046 79 56709 12 56744 85 57413 13 57445 89 58117 18 58144 95 58822 122 59526 54 59588 61 60230 50 60294 60 60934 43 61003 55 61637 39 61709 54 62341 36 62412 56 63045 32 63113 60 63749 25 63814 65 64453 21 64517 67 65157 19 65221 68 65861 18 65925 69 66565 17 66629 46 66679 21 67269 16 67334 44 67386 19 67972 15 68043 38 68091 19 68676 14 68750 34 68796 19 69380 13 69456 30 69501 19 70083 13 70163 17 70207 17 70787 13 70913 15 71491 12 71619 13 72194 13 72324 12 72898 12 73029 10 73601 12 73736 6 74305 11 74442 2 75009 11 75713 10 76417 10 77120 11 77824 11 78528 11 79232 11 79936 11 80640 10 81344 10 82048 10 82752 10 83456 10 84160 10 84864 10 85568 10 86273 8 86978 7
d8bfd1dafdc4,229191 6 229894 7 230597 8 231301 8 232005 8 232709 8 233412 9 234116 9 234820 9 235523 10 236227 10 236930 11 237634 11 238337 11 239041 11 239744 12 240448 12 241151 12 241855 12 242558 13 243261 14 243965 13 244668 14 245371 14 246075 14 246778 15 247481 15 248184 16 248888 15 249591 16 250294 17 250997 17 251700 18 252403 19 253106 20 253810 19 254513 20 255216 21 255919 21 256622 22 257325 22 258029 21 258732 21 259436 21 260139 20 260843 19 261547 18 262250 19 262954 18 263657 18 264361 18 265065 17 265768 17 266472 17 267175 17 267879 17 268582 17 269285 18 269989 17 270692 17 271395 17 272099 16 272802 17 273506 16 274209 16 274913 15 275616 15 276320 14 277023 14 277727 14 278430 14 279134 13 279838 12 280541 12 281245 12 281948 12 282652 11 283355 11 284058 11 284762 10 285465 11 286169 10 286873 9 287576 10 288280 9 288983 10 289687 9 290390 10 291094 9 291797 9 292501 8 293204 9 293908 8 294611 8 295315 8 296018 8 296722 7 297426 6 298130 6 298834 5 299538 4 300243 1
d8bfd1dafdc4,214812 4 215514 8 216217 10 216921 11 217624 12 218327 13 219031 13 219734 14 220437 14 221140 13 221843 12 222546 11 223249 10 223951 11 224624 1 224653 12 225327 3 225332 5 225355 13 226031 13 226055 16 226734 41 227438 40 228142 40 228846 40 229550 40 230254 40 230958 40 231662 39 232366 38 233070 37 233774 36 234478 35 235182 34 235886 33 236590 32 237294 31 237998 30 238702 28 239406 26 240110 22 240814 20 241518 19 242222 18 242926 17 243630 16 244335 15 245039 14 245743 14 246448 12 247153 11 247858 9 248566 5
d8bfd1dafdc4,56216 5 56919 8 57623 10 58327 11 59031 12 59735 12 60439 12 61143 12 61847 13 62551 13 63255 13 63958 14 64661 16 65365 16 66067 18 66769 21 67468 26 68171 27 68875 28 69578 29 70281 30 70985 30 71689 30 72393 30 73097 30 73801 30 74504 31 75208 31 75912 31 76616 30 77320 30 78023 30 78727 29 79431 28 80134 29 80838 28 81541 28 82245 26 82948 27 83651 27 84354 27 85058 26 85761 26 86465 25 87168 26 87871 26 88575 25 89279 24 89983 23 90686 23 91390 22 92094 21 92798 21 93502 20 94206 19 94910 19 95614 19 96318 18 97022 18 97726 17 98430 17 99135 16 99839 15 100543 15 101247 14 101952 13 102656 12 103361 11 104066 9 104771 7 105477 4
d8bfd1dafdc4,116610 2 117313 7 118017 10 118723 9 119429 8 120135 7 120841 9 121548 7 122253 8 122959 9 123667 6 124373 4 125081 5 125786 6 126491 10 127196 11 127901 11 128608 11 129314 13 130020 14 130728 13 131434 14 132142 19 132849 21 133557 24 134266 24 134975 28 135684 29 136394 31 137104 30 137816 29 138525 27 139234 27 139946 32 140658 28 141369 24 142081 18 142790 14 143500 12 144212 5 144917 4 145623 1
d8bfd1dafdc4,339444 3 340148 4 340852 5 341556 7 342261 7 342965 8 343669 9 344373 10 345078 11 345783 10 346487 11 347191 12 347895 14 348598 19 349302 21 350005 25 350709 27 351412 32 352116 35 352821 37 353526 37 354231 38 354936 38 355642 38 356352 35 357058 39 357762 44 358470 43 359176 43 359881 42 360586 39 361291 36 361997 31 362706 22
d8bfd1dafdc4,152239 5 152939 7 153640 10 154342 11 155044 13 155746 14 156449 15 157152 15 157855 15 158558 16 159262 15 159966 14 160670 12 161373 13 162076 13 162777 15 163480 7 163488 7 164184 7 164192 7 164887 14 165591 11 166295 11 166999 11 167702 12 168404 14 169107 15 169809 18 170513 18 171216 19 171920 21 172623 16 172640 5 173327 14 173347 3 174031 13 174052 2 174734 13 175438 12 175462 3 176141 12 176167 2 176845 11 176871 3 177549 10 177575 3 178252 10 178280 3 178956 9 178984 4 179659 10 179688 5 180363 9 180393 5 181066 9 181097 6 181769 9 181803 4 182473 9 182507 5 183176 9 183212 5 183880 8 183916 6 184583 9 184621 5 185287 8 185326 4 185990 8 186031 3 186694 7 186737 1 187397 7 188100 8 188804 7 189508 7 190212 6 190916 6 191620 5 192324 5 193028 4
d8bfd1dafdc4,150856 4 151559 6 152262 7 152966 7 153670 7 154374 7 155078 8 155783 7 156487 7 157191 7 157895 7 158600 6 159304 7 160008 7 160712 7 161417 6 162121 7 162825 7 163529 7 164233 7 164937 7 165641 7 166345 8 167049 8 167753 8 168457 9 169161 9 169864 11 170568 12 171272 13 171976 14 172680 16 173383 18 174087 18 174791 19 175494 18 176198 15 176902 13 177605 13 178309 11 179013 11 179716 11 180420 10 181123 10 181827 9 182530 10 183234 9 183937 10 184640 10 185344 10 186048 9 186752 9 187456 9 188160 8 188864 8 189568 7 190271 8 190975 8 191679 7 192383 7 193087 7 193791 6 194495 6 195199 6 195902 6 196606 6 197310 6 198014 5 198718 5 199422 4 200126 4 200830 2
d8bfd1dafdc4,898 28 1580 62 2283 69 2987 72 3691 73 4395 75 5100 76 5804 78 6508 31 6546 42 7213 24 7257 2 7263 32 7917 23 7957 45 8621 23 8658 51 9325 22 9355 62 10029 20 10059 65 10733 16 10762 68 11437 15 11466 70 11538 5 12142 13 12171 77 12846 12 12875 78 13550 11 13580 77 14254 11 14285 76 14958 11 14991 75 15662 10 15697 73 16366 10 16402 71 17070 10 17107 70 17774 10 17813 67 18478 9 18517 68 19182 9 19221 70 19885 10 19925 71 20589 10 20635 65 21292 10 21343 62 21996 10 22052 58 22700 9 22756 58 23403 10 23461 57 24107 9 24165 57 24811 9 24873 53 25515 8 25581 49 26219 8 26286 48 26922 9 26991 46 27626 9 27695 44 28330 9 28400 41 29034 8 29110 34 29738 8 29816 23 29842 5 30442 8 30528 5 30537 4 30548 2 31146 8 31850 7 32554 7 33258 6 33962 6 34665 7 35369 7 36073 7 36777 6 37481 6 38185 6 38889 6 39593 6 40297 6 41001 6 41705 6 42409 6 43113 6 43817 6 44521 6 45225 6 45928 7 46632 7 47336 6 48040 6 48744 6 49448 6 50152 6 50856 6 51560 6 52264 6 52968 6 53672 6 54376 6 55080 5
d8bfd1dafdc4,679 7 1382 7 2085 8 2787 8 3489 9 4191 11 4893 12 5597 12 6300 13 7005 12 7710 11 8415 10 9120 8 9824 8 10529 7 11233 7 11938 6 12643 5 13348 5 14052 5 14757 4 15462 3 16167 1
d8bfd1dafdc4,46066 2 46768 8 47472 9 48176 10 48879 11 49583 12 50287 12 50991 12 51696 11 52400 11 53104 11 53808 11 54512 11 55216 11 55920 11 56624 11 57328 11 58032 10 58736 10 59439 10 60143 10 60847 9 61551 8 62254 9 62958 8 63661 8 64365 7 65068 8 65772 7 66476 6 67179 7 67883 6 68586 7 69290 6 69993 6 70696 7 71400 6 72103 7 72807 6 73510 7 74214 7 74916 8 75619 8 76323 8 77026 8 77729 9 78432 10 79136 9 79839 10 80542 10 81246 10 81949 10 82653 10 83357 10 84060 10 84764 10 85468 9 86171 10 86875 10 87579 10 88283 9 88987 9 89691 9 90395 8 91098 9 91802 9 92506 8 93209 9 93913 9 94617 8 95321 8 96025 7 96728 8 97432 8 98136 8 98840 7 99543 8 100247 8 100951 8 101654 9 102358 9 103062 9 103765 10 104468 11 105172 11 105875 12 106579 12 107283 12 107987 12 108690 13 109393 14 110096 15 110799 16 111503 16 112206 17 112910 17 113613 18 114316 19 115020 19 115722 21 116424 23 117127 24 117830 25 118533 26 119236 27 119938 29 120641 30 121344 30 122046 32 122749 33 123453 32 124159 9 124178 10
d8bfd1dafdc4,321885 4 322589 5 323293 7 323998 7 324703 7 325408 7 326114 6 326819 6 327524 7 328229 8 328934 8 329639 8 330343 9 331048 9 331752 10 332457 9 333161 10 333866 10 334571 10 335277 9 335983 8 335997 2 336688 17 337393 17 338097 19 338802 18 339506 18 340211 17 340915 18 341619 18 342324 16 343028 16 343732 16 344437 15 345141 14 345845 14 346549 14 347254 12 347958 12 348662 12 349366 11 350070 11 350774 11 351478 10 352183 9 352887 9 353591 8 354295 8 354999 8 355703 8 356407 8 357112 6 357816 6 358520 6 359224 6 359928 5 360633 4 361338 1
d8bfd1dafdc4,136186 13 136887 19 137588 23 138288 27 138989 30 139691 33 140393 35 141095 37 141798 38 142502 39 143206 39 143911 37 144617 35 145323 33 146028 32 146735 29 147441 27 148147 25 148852 24 149558 22 150264 20 150970 19 151675 19 152381 17 153087 16 153792 16 154497 16 155203 14 155909 13 156614 12 157320 11 158025 11 158731 9 159435 10 160140 10 160844 11 161550 10 162255 10 162960 10 163666 8 164372 7 165077 6 165784 4 166489 3 167195 1
d8bfd1dafdc4,10952 7 11653 12 12356 14 13058 19 13762 21 14465 23 15168 25 15872 27 16577 27 17282 28 17989 27 18697 24 19403 23 20111 20 20818 19 21526 16 22233 15 22941 13 23648 12 24353 13 25059 13 25766 12 26471 13 27177 13 27884 13 28589 15 29295 16 30002 17 30708 19 31415 20 32122 21 32828 22 33536 22 34244 23 34951 21 35659 17 36366 14 37074 10
d8bfd1dafdc4,68986 2 69689 4 70392 5 71095 5 71798 6 72502 5 73205 5 73909 5 74613 4 75316 5 76020 5 76723 6 77427 5 78131 5 78834 6 79538 5 80242 5 80945 5 81649 5 82353 4 83056 5 83760 5 84464 4 85167 5 85871 5 86574 5 87278 5 87982 5 88686 4 89389 5 90093 5 90797 4 91500 5 92204 5 92908 4 93612 4 94315 5 95019 5 95722 6 96426 5 97130 5 97834 5 98537 6 99241 6 99945 5 100648 6 101352 6 102056 6 102759 7 103463 7 104167 7 104871 7 105574 8 106278 8 106982 8 107685 9 108389 9 109093 9 109796 10 110500 10 111203 12 111907 12 112611 13 113314 16 114017 22 114720 27 115423 27 116127 24 116830 21 117534 20 118237 19 118939 18 119642 17 120345 16 121049 13 121752 13 122455 12 123158 11 123861 9 124564 9 125267 9 125970 9 126673 9 127376 9 128079 9 128782 9 129486 8 130190 7 130894 5 131598 4
d8bfd1dafdc4,59138 9 59842 11 60546 13 61250 15 61954 16 62658 17 63362 18 64066 19 64770 20 65474 21 66178 22 66882 24 67586 26 68290 28 68332 7 68994 29 69034 9 69698 30 69739 8 70402 30 70447 4 71106 30 71151 4 71810 31 71855 4 72514 32 73218 33 73922 34 74626 35 75330 37 76034 38 76738 40 77443 40 78147 42 78852 43 79556 44 80261 46 80969 43 81676 43 82384 49 83093 39 83134 1 83801 33 84508 29 85216 24 85923 21 86630 18 87338 13
d8bfd1dafdc4,2115 5 2819 6 3524 5 4228 5 4932 5 5637 5 6341 5 7046 4 7750 5 8455 4 9160 3 9864 4 10569 3 11273 3 11978 3 12681 4 13385 5 14089 5 14794 5 15499 4 16203 4 16908 4 17612 4 18306 2 18317 3 19010 3 19022 1 19714 4 20418 5 21122 5 21826 6 22530 6 23234 6 23939 6 24643 6 25347 6 26052 6 26756 6 27460 7 28164 7 28868 7 29573 7 30277 7 30982 7 31686 8 32390 8 33094 9 33798 9 34504 8 35209 7 35914 7 36619 6 37323 7 38028 6 38733 5
d8bfd1dafdc4,266460 5 267153 16 267856 16 268561 14 269265 14 269970 12 270675 10 271378 11 272082 10 272785 9 273488 9 274191 8 274894 8 275596 9 276299 9 277002 8 277705 8 278408 8 279111 8 279814 7 280516 8 281219 8 281922 8 282625 8 283328 8 284031 8 284734 8 285437 8 286139 9 286841 11 287544 11 288247 12 288950 12 289653 12 290356 12 291059 13 291761 14 292464 14 293166 15 293868 17 294570 17 295271 17 295973 18 296675 18 297379 15 298082 12 298786 9 299489 7
d8bfd1dafdc4,124897 7 125597 12 126255 24 126293 20 126956 61 127657 60 128360 51 129064 43 129768 38 130472 33 131176 25 131881 18 132589 5
d8bfd1dafdc4,243005 3 243706 10 244409 12 245111 14 245813 16 246515 18 247217 20 247920 21 248622 22 249324 23 250026 25 250728 26 251430 27 252133 27 252835 28 253538 28 254241 28 254944 29 255646 30 256349 30 257052 31 257756 30 258459 31 259162 33 259865 36 260568 39 261271 40 261974 42 262678 43 263381 44 264085 43 264788 44 265492 43 266196 42 266900 40 267604 39 268308 38 269012 37 269716 36 270421 34 271127 31 271831 30 272536 28 273241 26 273947 23 274651 22 275357 19 276065 13 276769 12 277475 9
d8bfd1dafdc4,126712 1 127412 6 128114 7 128817 7 129519 8 130222 8 130924 8 131627 7 132329 8 133032 8 133734 9 134437 9 135140 8 135841 9 136544 9 137247 9 137948 10 138651 10 139354 9 140057 6 140759 6 141462 6 142165 5 142867 7 143570 6 144273 5 144975 6 145677 7 146379 8 147081 9 147783 10 148486 10 149189 9 149891 10 150593 12 151295 13 151996 15 152699 16 153403 15 154106 16 154809 17 155513 16 156216 17 156920 17 157624 17 158328 17 159033 17 159737 17 160441 17 161145 18 161849 18 162554 17 163259 16 163963 16 164668 16 165372 17 166077 17 166782 16 167487 16 168192 16 168897 16 169602 17 170307 17 171013 16 171719 16 172425 16 173133 13 173841 10 174546 10 175252 9 175957 10 176663 10 177368 10 178074 10 178780 10 179485 10 180191 9 180896 8 181601 7 182308 3
d8bfd1dafdc4,164652 4 165354 8 166056 11 166759 12 167463 12 168166 13 168869 12 169573 11 170275 12 170979 11 171682 11 172386 10 173089 10 173793 10 174497 9 175200 9 175904 8 176607 8 177310 8 178013 8 178717 7 179419 8 180121 9 180825 7 181529 5 182232 4 182935 5 183638 5 184341 5 185044 4 185747 5 186450 5 187153 6 187856 6 188559 6 189261 7 189965 6 190667 7 191371 6 192074 6 192777 6 193481 6 194183 7 194886 7 195589 8 196293 7 196997 6 197700 5 198404 5 199106 6 199809 6 200513 4 201215 5 201917 7 202620 8 203324 7 204028 5 204732 4 205435 4 206139 4 207543 3 208244 6 208947 7 209651 7 210354 6 211058 5 211761 6 212463 7 213166 7 213869 6 214571 7 215274 8 215977 8 216680 9 217384 8 218086 9 218789 9 219492 8 220195 7 220897 8 221600 8 222303 9 223006 9 223709 9 224412 9 225115 9 225818 9 226521 8 227223 9 227926 9 228630 9 229333 9 230036 9 230738 9 231441 9 232144 9 232847 9 233549 9 234252 10 234955 10 235658 10 236361 10 237064 10 237768 9 238472 8 239177 6 239881 2
d8bfd1dafdc4,214333 8 215033 12 215733 15 216436 15 217138 15 217840 15 218543 15 219246 13 219948 13 220651 12 221353 12 222056 11 222758 12 223461 12 224164 11 224866 11 225569 11 226271 11 226973 12 227675 13 228378 13 229080 14 229782 16 230485 16 231187 17 231889 18 232591 19 233293 20 233996 20 234699 19 235402 19 236105 17 236808 14 237511 9 238215 6
d8bfd1dafdc4,104337 3 105038 10 105741 12 106445 12 107150 11 107854 11 107880 1 108560 10 108584 2 109267 7 109276 3 109287 7 109973 26 110678 26 111383 25 112089 24 112793 23 113498 22 113523 1 114202 21 114910 17 115618 13 116324 11 117029 10 117737 6 118442 6 119149 6 119854 7 120538 2 120559 8 121264 8 121970 5
d8bfd1dafdc4,350264 3 350968 4 351671 5 352374 5 353078 5 353782 4 354485 5 355188 5 355891 5 356594 6 357296 7 357992 15 358682 29 359378 37 360079 40 360780 44 361482 25 361515 13 362186 18 362226 7 362889 14 362932 5 363593 10 363637 5 364295 7 364343 3 364999 1
d8bfd1dafdc4,231073 10 231774 16 232475 21 233175 27 233877 31 234579 34 235282 37 235984 40 236685 48 237388 53 238092 57 238795 60 239498 62 240201 64 240903 67 241606 69 242309 70 243012 70 243716 70 244421 69 245125 68 245829 68 246533 67 247237 67 247941 66 248644 67 249347 67 250051 67 250754 68 251457 68 252160 69 252863 70 253567 70 254270 71 254974 71 255677 73 256381 73 257084 74 257788 73 258492 72 259197 70 259904 66 260610 63 261316 59 262021 57 262726 55 263431 54 264137 51 264844 36 264882 8 265551 25 265589 2 266257 22 266964 4 266973 3 266980 1
d8bfd1dafdc4,253661 2 254365 2 255068 2 255771 3 256474 4 257177 4 257880 4 258583 5 259286 5 259990 5 260693 5 261396 5 262099 6 262802 6 263506 6 264210 5 264913 5 265616 6 266319 6 267022 6 267725 7 268428 8 269131 9 269832 12 270535 13 271235 17 271936 20 272637 24 273340 25 274042 28 274745 30 275448 31 276149 35 276852 36 277555 12 277574 19 278260 9 278282 15 278965 7 278987 14 279693 12 280398 11 281103 10 281808 10 282514 8 283218 8 283923 7 284627 7 285332 6 286038 3
d8bfd1dafdc4,273863 4 273871 2 274566 18 275270 19 275974 19 276678 19 277382 19 278087 18 278791 18 279495 18 280200 1 280204 13 280911 10 281616 9 282320 8 283023 9 283727 9 284431 9 285135 8 285839 8 286543 8 287246 9 287950 8 288654 8 289358 8 290061 9 290765 9 291469 9 292172 9 292876 9 293579 10 294283 10 294987 10 295690 11 296394 10 297097 11 297801 11 298504 12 299208 12 299911 13 300615 13 301319 13 302023 13 302726 13 303430 13 304134 13 304838 13 305541 14 306245 13 306949 13 307653 13 308357 13 309061 12 309765 12 310470 10 311174 10 311880 7 312585 6 313290 4 313996 1
d8bfd1dafdc4,84305 7 85004 16 85708 17 86412 18 87115 20 87818 21 88522 22 89226 23 89929 24 90632 26 91334 29 92037 31 92739 34 93442 37 94144 40 94847 42 95552 42 96261 38 96971 32 97679 29 98386 26 99094 22 99801 19 100511 11
d8bfd1dafdc4,78995 2 79698 4 80402 4 81106 5 81810 5 82514 5 83218 6 83922 6 84626 7 85330 7 86034 7 86738 8 87442 8 88146 8 88850 9 89554 9 90258 10 90963 10 91667 10 92371 11 93075 11 93779 11 94482 13 95186 13 95890 14 96593 15 97297 16 98001 16 98704 18 99408 18 100112 19 100816 19 101519 21 102223 22 102927 23 103631 24 104335 2 104340 20 105048 17 105753 17 106457 18 107161 19 107865 15 107881 5 108570 14 108586 5 109274 2 109279 8 109294 3 109999 4 110704 5 111408 6 112113 6 112816 8 113520 3 113524 6 114223 12 114927 13 115631 14 116335 16 117039 17 117743 18 118448 19 119155 17 119861 15 120567 13 121272 11
d8bfd1dafdc4,165365 4 166068 6 166772 6 167476 7 168180 8 168883 9 169588 9 170292 9 170997 9 171701 9 172406 9 173110 9 173814 10 174519 9 175223 10 175927 10 176632 9 177337 8 178042 8 178746 8 179451 7 180155 7 180859 8 181564 7 182268 8 182972 8 183676 9 184380 10 185085 10 185789 12 186493 12 187197 13 187901 14 188605 16 189309 18 190013 19 190718 19 191422 21 192126 25 192830 26 193534 26 194238 26 194943 5 194952 1 194955 13 195647 5 195662 9 196351 5 196371 4 197055 4 197759 4 198463 4 199167 4 199871 4 200575 5 201279 5 201983 5 202687 5 203391 5 204096 4 204800 4 205504 4 206208 4 206912 4 207616 5 208320 5 209024 5 209728 5 210432 5 211136 5 211840 5 212544 5 213248 5 213952 6 214656 6 215361 5 216065 5 216769 5 217473 5 218177 5 218881 5 219585 5 220289 5 220993 5 221697 5 222401 5 223105 5 223809 5 224513 5 225217 5 225922 4 226626 4 227330 4 228034 4 228738 4 229442 4 230146 4 230850 5 231554 5 232258 5 232963 4 233667 4 234371 4 235075 4 235779 4 236483 4 237187 4 237891 4 238595 4 239299 5 240004 4 240708 4 241412 4 242116 4 242820 4 243524 4 244228 4 244932 5 245636 5 246340 5 247045 4 247749 4 248453 4 249157 4 249861 4 250565 4 251269 4 251973 4 252677 4 253381 4 254085 4 254789 5 255493 5 256198 3 256902 3 257607 2 258311 2
d8bfd1dafdc4,11036 3 11739 6 11754 2 12443 7 12455 7 12475 3 13147 21 13177 6 13852 34 14557 33 15263 29 15969 26 16674 24 17379 22 18084 20 18789 19 19494 17 20199 15 20903 15 21607 15 22312 14 23016 14 23720 14 24425 13 25129 13 25834 12 26538 12 27243 11 27947 11 28651 12 29355 8 29365 2 30059 7 30069 2 30763 6 30773 2 31467 6 31478 1 32171 5 32182 2 32876 4 32886 2 33580 3 33590 2 34283 3 34294 3 34987 3 34999 2 35691 3 35703 2 36395 2 36407 2 37099 2 37111 3 37803 2 37815 3 38506 2 38520 2 39210 2 39224 1 39914 1 39928 1 40617 2 40632 1 41321 1 41336 2 42040 2 42744 2 43448 2 44152 2 44856 1 45560 1
d8bfd1dafdc4,47035 9 47737 12 48439 15 49143 16 49847 16 50551 17 51255 17 51959 17 52663 17 53367 17 54071 17 54775 17 55479 17 56183 17 56887 17 57591 17 58295 17 58999 17 59703 17 60406 18 61110 18 61813 20 62517 20 63220 22 63923 23 64627 24 65330 26 66033 28 66737 28 67440 28 68143 28 68846 29 69549 29 70252 29 70955 30 71658 31 72361 32 73064 33 73766 35 74470 34 75176 32 75881 31 76586 30 77291 29 77996 27 78689 2 78699 28 79393 3 79403 28 80097 3 80106 28 80801 3 80810 28 81505 3 81515 26 82209 3 82219 26 82913 4 82923 25 83617 6 83628 23 84321 6 84332 22 85025 6 85035 23 85729 7 85739 22 86433 6 86445 20 87137 6 87149 19 87841 6 87854 17 88545 5 88558 17 89250 2 89262 17 89966 17 90670 16 91374 16 92079 15 92783 15 93488 14 94193 13 94898 12 95604 10 96309 9 97014 8 97720 6 98425 5 99131 4 99836 3 100541 2
d8bfd1dafdc4,94891 5 95594 6 96299 6 97003 6 97708 5 98412 6 99116 6 99821 6 100526 6 101230 6 101934 7 102639 7 103344 8 104048 9 104752 10 105457 9 106161 10 106866 10 107570 10 108274 11 108978 11 109682 11 110386 12 111090 2 111094 8 111800 7 112504 7 113209 7 113914 6 114619 5 115325 4 116029 4 116734 3 117439 1 118848 3 119553 2 120257 2 121668 1 123079 2 123783 2 124488 1
d8bfd1dafdc4,136204 7 136908 9 137612 13 138316 15 139021 16 139726 16 140430 18 141136 17 141843 15 142547 16 143252 16 143957 16 144662 15 145367 14 146072 14 146776 14 147482 10 148186 10 148891 8 149597 2 150305 3 151009 9 151713 9 152417 10 153122 9 153827 8 154533 5
d8bfd1dafdc4,257012 2 257715 5 258419 8 259123 9 259828 9 260533 9 261239 8 261945 6 262650 6 263355 5 264060 4 264765 3 265471 1 267591 1 268294 3 268999 3 269704 5 270409 6 271114 7 271818 9 272523 9 273228 10 273933 10 274639 10 275344 11 276049 11 276754 12 277460 12 278165 13 278870 14 279575 15 280280 16 280985 16 281690 16 282394 17 283098 19 283802 20 284506 22 285209 23 285911 26 286615 26 287318 27 288022 27 288725 27 289429 11 289446 9 290132 10 290151 3 290157 1 290836 8 291539 8 292242 8 292946 7 293649 6 294353 5 295057 4 295761 3 296465 2 297169 2 297871 3 301388 1
d8bfd1dafdc4,130601 17 131304 19 131325 3 132007 27 132710 28 133413 31 134117 32 134820 34 135524 34 136228 35 136932 36 137637 36 138341 38 139045 38 139749 40 140454 40 141158 40 141862 41 142566 42 143270 43 143975 42 144679 43 145385 42 146092 40 146797 40 147502 40 148208 39 148916 5 148924 28 149630 27 150337 26 151043 25 151749 24 152454 24 153160 23 153865 23 154570 23 155275 23 155980 23 156685 23 157390 22 158095 23 158800 23 159505 23 160210 23 160915 23 161621 22 162326 22 163032 20 163737 20 164442 19 165148 17 165854 15 166561 10
d8bfd1dafdc4,212140 3 212844 5 213548 5 214252 6 214956 7 215661 7 216366 7 217071 7 217776 6 218480 7 219185 7 219890 7 220595 7 221299 8 222004 7 222709 7 223413 8 224118 7 224823 7 225528 7 226233 6 226937 7 227642 7 228346 8 229050 9 229755 9 230459 10 231163 12 231867 12 232571 13 233275 13 233979 13 234683 12 235387 12 236090 12 236794 10 237499 7 238203 2
d8bfd1dafdc4,230317 4 231020 6 231724 8 232429 8 233134 9 233840 9 234545 10 235250 12 235277 4 235955 29 236660 25 237365 23 238070 22 238775 20 239480 18 240185 16 240891 12 241596 10 242302 7 243011 1
d8bfd1dafdc4,122621 6 123322 11 124024 14 124727 15 125429 17 126133 17 126836 18 127540 18 128244 18 128948 17 129652 17 130356 16 131060 15 131764 15 132468 14 133171 15 133875 14 134579 14 135283 14 135986 15 136690 15 137394 14 138097 15 138801 15 139504 16 140208 16 140911 16 141615 16 142318 17 143022 17 143725 18 144428 19 145131 20 145833 22 146536 22 147239 22 147941 22 148644 22 149346 23 150047 24 150748 25 151450 23 152153 17 152858 10
d8bfd1dafdc4,1058 13 1760 17 2464 18 3169 18 3874 19 4578 21 5283 22 5988 24 6693 28 7397 31 8102 34 8807 35 9511 38 10215 40 10920 32 10959 2 11624 29 11665 1 12328 28 12370 1 13032 26 13736 26 14440 25 15144 24 15848 24 16552 25 17256 26 17959 30 18663 34 19366 37 20070 39 20773 38 21475 40 22178 44 22881 47 23584 48 24286 51 24987 56 25691 57 26398 55 27102 56 27807 49 27857 6 28512 48 28561 7 29217 47 29265 7 29923 1 29929 36 29970 7 30635 33 30675 8 31342 30 31379 9 32047 29 32083 10 32753 22 32787 11 33469 5 33491 13 34195 14 34900 14 35606 13 36312 12 37019 9
d8bfd1dafdc4,141413 2 142116 5 142820 6 143524 7 144228 8 144932 9 145636 11 146341 12 147046 12 147750 13 148455 12 149159 13 149863 14 150568 15 151272 16 151976 16 152680 17 153385 16 154089 16 154794 14 155498 14 156203 12 156908 11 157613 9 158319 6
d8bfd1dafdc4,50123 4 50827 4 51531 4 52235 4 52939 4 53643 4 54347 4 55047 2 55051 4 55751 8 56455 8 57159 8 57863 8 58568 7 59272 7 59976 7 60681 6 61385 6 62089 6 62793 6 63497 6 64201 7 64905 7 65609 7 66313 7 67016 8 67720 8 68424 8 69128 8 69832 8 70536 8 71239 9 71943 9 72647 9 73350 10 74054 9 74758 9 75461 10 76165 10 76868 11 77572 11 78276 11 78979 12 79683 12 80387 12 81090 12 81794 12 82498 12 83202 12 83905 13 84609 13 85313 13 86016 14 86720 14 87423 14 88127 14 88829 16 89533 16 90235 18 90938 19 91641 20 92344 21 93047 22 93750 22 94454 22 95157 23 95860 24 96564 24 97267 25 97970 26 98674 26 99378 26 100081 27 100785 27 101489 27 102193 27 102897 27 103601 27 104306 25 105010 25 105715 24 106419 24 107124 23 107830 21 108535 19 109239 19 109944 18 110649 17 111354 16 112058 16 112763 15 113468 15 114172 6 114179 8 114877 4 114883 7 115583 2 115587 7 116291 7 116995 8 117697 10 118401 11 119105 12 119809 11 120515 9 121219 9 121924 7
d8bfd1dafdc4,155764 2 156467 4 157171 5 157875 5 158579 5 159283 5 159987 5 160691 5 161395 5 162099 5 162803 5 163507 5 164210 6 164914 6 165618 6 166322 6 167026 6 167730 6 168434 6 169138 6 169842 6 170546 6 171250 6 171954 6 172658 6 173361 7 174065 7 174769 7 175473 8 176177 8 176882 7 177586 7 178290 8 178994 8 179698 8 180402 9 181106 9 181811 9 182515 9 183219 10 183923 11 184627 11 185331 12 186035 12 186739 12 187443 12 188148 11 188852 11 189556 11 190260 11 190964 11 191668 11 192372 11 193076 11 193780 11 194485 10 195189 10 195893 9 196597 9 197301 9 198006 8 198710 8 199414 8 200118 8 200823 7 201527 7 202231 7 202935 7 203639 6 204344 5 205048 5 205752 5 206456 5 207161 4 207865 4 208569 4 209273 4 209978 2 210682 2
d8bfd1dafdc4,123197 3 123900 4 124602 6 125304 7 126006 8 126708 4 126713 4 127411 1 127418 2 128113 1 128121 1 128815 2 128824 1 129517 2 129527 1 130220 2 130923 1 131626 1 132328 1 133031 1 133733 1 134436 1 135138 2 136543 1 137245 2 137947 1 138649 2 139351 3 140054 3 140063 1 140757 2 140765 1 141459 3 141468 1 142162 3 142170 1 142864 3 143567 3 143576 1 144270 3 144278 1 144973 2 144981 1 145676 1 145684 1 146387 1 149198 2 149901 1
d8bfd1dafdc4,17714 4 18417 6 19120 8 19823 10 20527 10 21230 12 21933 13 22637 13 23340 14 24044 15 24747 16 25450 17 26154 17 26857 18 27560 20 28264 20 28968 20 29671 21 30375 21 31078 22 31781 24 32485 24 33189 24 33892 25 34596 25 35300 25 36003 26 36707 27 37411 27 38115 27 38819 27 39522 28 40225 30 40929 30 41632 31 42336 31 43039 32 43742 33 44446 33 45148 35 45851 37 46554 38 47257 39 47960 41 48663 42 49366 44 50070 44 50773 45 51476 47 52179 48 52881 50 53584 51 54287 52 54988 54 55690 56 56393 57 57096 58 57799 60 58503 59 59207 59 59912 58 60616 57 61320 57 62024 56 62728 55 63433 54 64137 53 64842 52 65546 50 66250 49 66954 49 67659 47 68363 46 69067 43 69772 42 70476 41 71180 41 71885 40 72589 40 73294 37 73998 34 74703 33 75408 32 76113 31 76818 29 77524 20 78229 12
d8bfd1dafdc4,117777 8 118478 14 119181 17 119220 7 119885 26 119918 13 120590 45 121294 44 121999 42 122704 39 123409 35 124116 29 124824 21
d8bfd1dafdc4,166948 35 167650 41 168351 49 169053 51 169755 51 170457 51 171160 52 171862 21 171895 21 172565 20 173268 18 173971 17 174674 15 175377 14 176080 14 176783 13 177486 12 178189 12 178893 10 179596 9 180299 8 181002 8 181706 6 182410 4 183115 1
d8bfd1dafdc4,226415 3 227117 7 227821 1 227827 1 234874 1 235578 1 236282 1 236986 1 239067 1 243987 1
d8bfd1dafdc4,200713 3 201414 7 202117 9 202821 10 203524 12 204226 15 204910 4 204927 19 205610 41 206312 44 207014 48 207717 50 208420 54 209123 57 209826 61 210529 66 211233 70 211937 76 212641 25 212678 42 213345 18 213398 31 214049 13 214107 27 214753 9 214816 23 215458 5 215522 23 216227 23 216933 23 217639 23 218346 22 219052 22 219759 22 220468 19 221175 19 221883 18 222591 16 223299 14 224006 13 224714 13 225422 11
d8bfd1dafdc4,141427 5 142128 2 142131 6 142830 3 142835 7 143534 3 143540 7 144237 3 144244 3 144249 2 144942 2 144955 2 145647 1 145660 1 149877 1 150586 3 151289 4 151994 2
d8bfd1dafdc4,257008 4 257712 3 257720 2 258416 3 258427 1 259120 3 259132 1 259824 4 259837 2 260530 3 260542 1 261235 4 261247 1 261941 4 261951 1 262647 3 262656 1 263352 3 263360 2 264058 2 264064 3 264764 1 264768 5 265469 2 265472 6 266175 8 266880 8 267585 6 267592 2 268291 3 268297 2 268996 3 269002 3 269702 2 269709 2 270408 1 270415 1 271113 1
d8bfd1dafdc4,126313 2 127017 3 127717 6 128414 8 129118 8 130464 8 130505 2 131169 7 131201 7 131899 13 131933 6 132602 18 132632 13 133311 12 133336 15 134015 7 134040 14 134721 1 134744 13 135425 2 135448 12 136152 11 136831 7 136856 9 137520 9 137533 33 138219 9 138241 18 138921 8 138950 5
d8bfd1dafdc4,876 11 45224 1
d8bfd1dafdc4,256969 13 257672 15 258375 18 259079 19 259784 19 260489 19 261193 20 261897 21 262602 20 263307 20 264012 20 264717 19 265422 19 266127 19 266832 19 267537 19 268242 19 268947 19 269652 19 270357 19 271061 21 271766 22 272471 24 273175 26 273880 28 274584 29 275289 29 275993 31 276697 33 277401 36 278105 39 278809 41 279513 45 280217 46 280921 47 281625 49 282329 49 283033 49 283736 50 284440 50 285144 50 285848 49 286552 49 287255 49 287960 48 288664 47 289368 46 290072 45 290776 44 291480 44 292184 43 292888 42 293592 40 294295 39 294999 36 295703 34 296407 32 297112 29 297816 27 298520 24 299225 21 299929 19 300634 15 301340 8
d8bfd1dafdc4,174112 1 174815 3 175519 4 176223 5 176926 7 177630 7 178334 7 179038 7 179742 7 180446 7 181150 8 181854 8 182558 8 183261 9 183965 9 184669 10 185373 10 186077 10 186781 10 187485 11 188189 11 188893 11 189596 12 190300 12 191004 13 191708 13 192412 14 193115 15 193819 15 194523 16 195227 16 195931 17 196634 19 197338 19 198041 21 198744 22 199447 24 200151 24 200854 26 201559 25 202263 26 202966 27 203670 28 204374 29 205077 31 205781 32 206484 34 207188 35 207891 36 208594 38 209298 38 210001 39 210705 39 211408 39 212111 29 212143 3 212815 29 213519 16 214222 14 214926 11 215630 9 216335 4
d8bfd1dafdc4,225592 4 226295 5 226999 6 227703 6 228406 7 229107 13 229808 17 230510 20 231214 20 231917 21 232622 15 233334 6 234040 3 234744 3 235448 3 236151 4 236851 2 236854 6 237530 4 237555 9 238234 4 238259 9 238963 9 239641 5 239666 10 240344 7 240365 16 241047 9 241060 28 241750 10 241764 27 242453 11 242468 27 243156 12 243171 28 243859 44 244560 47 245262 48 245965 49 246669 48 247373 47 248076 48 248780 47 249484 46 250188 45 250892 44 251596 43 252300 42 253004 41 253708 40 254412 38 255116 37 255820 22 255843 13 256524 21 256547 9 256558 1 257228 20 257252 7 257932 21 257955 9 258636 32 259340 32 260044 31 260748 30 261452 28 262156 27 262860 27 263565 25 264269 20 264973 19 265678 18 266382 18 267086 17 267791 15 268497 7 268505 4
d8bfd1dafdc4,131140 1 131838 8 132539 11 133243 11 133946 12 134649 13 135351 14 136053 16 136754 18 137454 21 138153 26 138852 30 139553 32 140254 35 140954 38 141656 39 142358 40 143060 40 143761 41 144463 42 145165 40 145866 39 146565 36 147266 35 147967 33 148668 32 149370 30 150072 29 150773 30 151476 29 152178 29 152880 30 153581 31 154280 34 154976 41 155677 38 156378 32 156415 2 157081 30 157785 29 158489 27 159193 25 159897 22 160602 15 161308 10 162013 6
d48ec7815252,81527 5 82230 7 82933 9 83636 11 84338 14 85040 17 85744 19 86447 21 87151 22 87856 23 88560 26 89265 28 89969 33 90674 36 91388 29 92094 29 92799 29 93504 28 94209 27 94914 25 95619 23 96324 22 97029 20 97734 18 98438 17 99143 14 99848 13 100552 11 101256 10 101961 7 102665 5
d48ec7815252,64173 6 64876 8 65579 9 66283 9 66986 10 67690 10 68393 11 69096 12 69800 11 70503 11 71207 11 71910 11 72613 12 73317 12 74020 13 74722 14 75426 14 76129 15 76832 16 77535 17 78238 18 78941 19 79645 18 80348 19 81052 19 81756 19 82459 20 83162 21 83866 20 84569 21 85273 21 85976 22 86680 22 87383 23 88086 24 88790 24 89494 24 90197 25 90900 26 91604 26 92307 27 93010 28 93714 28 94418 29 95121 31 95824 33 96528 33 97231 35 97935 36 98639 36 99342 37 100046 38 100750 38 101453 38 102157 37 102860 38 103564 36 104268 34 104972 33 105676 32 106380 31 107084 31 107788 30 108493 27 109197 27 109902 25 110606 24 111310 24 112015 22 112719 22 113423 21 114127 21 114831 20 115536 19 116240 18 116945 17 117650 16 118355 15 119061 12 119766 11 120472 7
d48ec7815252,272402 6 273105 7 273809 7 274512 7 275215 7 275918 7 276621 7 277325 6 278028 6 278731 6 279396 3 279434 5 280098 6 280137 6 280803 7 280841 4 281507 8 281544 4 282213 7 282247 4 282919 6 282949 6 283624 6 283652 7 284330 6 284355 8 285035 6 285057 10 285741 6 285759 12 286446 6 286462 13 287151 6 287162 17 287856 27 288562 25 289267 24 289972 22 290677 21 291381 20 292085 20 292789 20 293493 20 294196 21 294900 21 295602 22 296305 23 297007 24 297710 25 298413 26 299116 27 299819 29 300522 30 301224 33 301928 8 301938 23 302632 6 302642 24 303336 4 303346 24 304050 25 304754 25 305458 26 306162 27 306866 8 306877 16 307570 6 307588 9 308274 5 308294 6 308978 4 309000 3 309681 5 310385 5 311089 4 311793 3
d48ec7815252,208241 4 208945 5 209648 8 210352 8 211056 8 211760 8 212464 8 213169 7 213873 7 214577 7 215281 7 215983 10 216687 12 217389 20 218092 23 218795 26 219498 27 220201 28 220904 29 221607 29 222310 29 223013 28 223716 27 224419 27 225123 25 225827 24 226532 21 227237 3 227246 10 227951 7 228655 6 229359 6 230063 6 230767 5 231471 5 232175 5 232879 5 233583 5 234287 5 234991 5 235695 5 236400 3
d48ec7815252,169772 9 170474 13 171178 15 171882 16 172586 16 173291 16 173996 17 174701 17 175406 17 176111 17 176816 18 177521 19 178226 20 178930 23 179635 25 180339 28 181044 28 181748 29 182453 28 183157 29 183862 29 184567 29 185271 29 185976 29 186681 30 187387 29 188094 27 188802 25 189510 22 190217 20 190924 20 191632 18 192339 17 193046 16 193753 17 194460 17 195168 15 195874 16 196580 17 197287 17 197994 16 198700 16 199407 17 200113 18 200820 18 201527 19 202234 18 202941 15 203648 12 204355 7
d48ec7815252,104521 5 104669 3 105224 13 105368 8 105929 23 106070 11 106635 50 106758 4 106769 16 107341 84 107454 35 108049 143 108762 133 109490 107 110213 85 110935 64 111644 56 112351 54 113058 39 113766 30 114481 10
d48ec7815252,220624 2 221328 1 224140 2 224844 2 225547 3 226251 3 226955 2 227657 4 228360 5 229060 7 229763 7 230466 7 231169 8 231871 9 232573 10 233276 10 233978 11 234681 11 235382 13 236083 15 236785 15 237488 14 238189 16 238889 19 239590 21 240291 23 240990 28 241644 3 241649 16 241666 55 242345 80 243048 80 243752 79 244457 77 245162 76 245868 73 246575 69 247283 64 247992 58 248701 52 249411 44 250121 37 250830 31 251537 27 252244 22 252951 18 253656 16 254362 12 255070 5
d48ec7815252,13726 7 14429 8 15133 8 15836 9 16540 9 17243 10 17947 9 18650 10 19354 10 20058 10 20762 10 21465 11 22169 11 22873 11 23576 12 24280 12 24983 12 25686 13 26390 13 27093 14 27797 14 28500 15 29203 16 29906 16 30610 16 31313 17 32016 18 32719 19 33422 20 34125 21 34828 21 35531 22 36234 22 36937 22 37640 23 38344 22 39047 22 39750 22 40454 21 41158 21 41861 21 42565 20 43269 19 43973 18 44677 17 45381 16 46085 15 46789 14 47493 13 48198 11 48902 11 49606 10 50311 8 51015 7 51719 7 52424 5 53128 4 53833 3
d48ec7815252,336742 4 337445 6 338149 7 338853 7 339557 7 340260 8 340964 8 341669 7 342373 7 343078 6 343783 5 344487 6 345192 5 345896 5 346601 5 347305 6 348010 5 348715 5 349419 6 350124 5 350828 6 351533 5 352237 5 352942 5 353646 6 354351 5 355055 6 355760 5 356464 6 357168 7 357873 6 358577 6 359282 6 359986 7 360690 7 361395 7 362100 6 362804 7 363509 6 364214 6 364920 4
d48ec7815252,116027 2 116729 4 117432 6 118135 9 118839 10 119543 9 120246 10 120950 9 121653 9 122357 9 123060 9 123763 9 124467 9 125170 9 125873 10 126576 11 127279 11 127982 11 128685 11 129387 11 130090 11 130793 11 131495 12 132198 12 132899 15 133581 36 134284 37 134988 37 135693 36 136400 33 137113 24 137823 18 138532 12 139239 5
d48ec7815252,87934 9 88635 15 89335 21 90035 26 90735 31 91435 37 92136 40 92838 42 93541 23 94244 18 94944 20 95646 20 96349 19 97052 18 97755 16 98457 15 99160 12 99863 10 100565 10 101268 8 101971 7 102675 3
d48ec7815252,10187 2 10891 2 11594 3 12297 4 13001 3 13704 4 14407 4 15111 4 15814 5 16518 4 17221 5 17924 5 18628 5 19331 5 20035 5 20738 6 21441 6 22145 6 22848 7 23552 6 24255 7 24959 7 25662 7 26366 7 27070 6 27773 7 28477 6 29181 6 29884 6 30588 6 31292 5 31996 5 32699 6 33403 5 34107 5 34810 6 35514 5 36218 5 36921 6 37625 5 38329 5 39032 6 39736 5 40439 6 41143 5 41846 6 42550 5 43253 6 43956 7 44660 6 45363 7 46066 7 46770 7 47473 7 48176 8 48879 8 49581 9 50284 9 50987 9 51690 9 52392 10 53094 10 53796 11 54499 11 55202 10 55905 10 56607 11 57308 12 58011 12 58713 12 59415 12 60117 13 60820 12 61522 12 62226 11 62931 6
d48ec7815252,198043 6 198745 10 199448 13 200150 17 200852 20 201553 24 202254 28 202956 31 203660 32 204362 35 205062 40 205766 40 206470 41 207174 41 207878 41 208582 40 209285 41 209989 37 210693 31 211396 26 212099 23 212801 22 213504 21 214207 20 214911 19 215615 18 216318 17 217022 15 217727 12 218435 5
d48ec7815252,168200 1 168903 2 169606 3 170309 4 171013 4 171716 5 172419 5 173122 5 173825 6 174529 5 175231 6 175935 6 176638 6 177341 6 178044 6 178748 5 179451 6 180154 6 180858 5 181561 5 182264 5 182967 5 183670 5 184373 6 185077 5 185780 5 186483 5 187186 5 187890 5 188593 5 189296 5 189999 5 190703 4 191406 4 192108 6 192812 5 193516 5 194219 5 194923 4 195626 4 196329 5 197032 5 197736 4 198439 5 199142 5 199846 5 200549 5 201251 6 201954 6 202658 6 203361 6 204064 7 204767 7 205470 8 206172 9 206875 10 207578 10 208281 11 208983 12 209686 13 210389 14 211091 16 211794 17 212497 18 213199 20 213902 21 214605 21 215307 21 216010 20 216042 10 216713 19 216747 9 217416 17 218118 16 218821 15 219525 14 220229 12 220933 11 221636 11 222339 11 223041 12 223743 14 224447 13 225151 11 225855 9 226564 2
d48ec7815252,80962 7 81666 12 82370 13 83074 13 83778 14 84482 15 85186 16 85890 18 86594 19 87298 21 88002 23 88706 23 89410 23 90114 23 90818 24 91522 24 92226 24 92930 24 93634 24 94338 24 95042 24 95746 24 96450 24 97154 24 97858 25 98562 25 99266 24 99970 24 100674 24 101378 24 102082 24 102786 24 103490 24 104194 24 104898 24 105602 25 106306 25 107010 25 107714 25 108418 25 109122 25 109826 25 110530 25 111234 25 111938 26 112642 26 113346 26 114050 26 114754 26 115458 26 116162 26 116866 26 117570 26 118274 26 118978 27 119682 27 120386 28 121090 28 121794 28 122498 28 123202 28 123906 28 124610 27 125314 27 126018 25 126722 23 127426 22 128130 22 128834 21 129538 21 130242 21 130946 21 131650 20 132354 20 133058 20 133762 20 134466 20 135170 20 135874 20 136578 21 137282 21 137986 21 138690 21 139394 21 140098 21 140802 22 141506 22 142210 22 142914 22 143618 22 144322 23 145026 23 145730 23 146434 24 147138 24 147842 25 148547 24 149251 24 149955 25 150659 25 151363 25 152067 26 152772 25 153476 25 154181 25 154885 25 155590 25 156294 25 156998 25 157703 25 158407 25 159111 26 159815 26 160520 26 161224 26 161928 26 162632 27 163336 27 164040 27 164745 26 165449 27 166153 27 166857 27 167562 27 168266 27 168971 26 169675 27 170380 26 171088 22 171796 18 172504 14 173210 12 173916 10
d48ec7815252,2116 6 2819 10 3523 13 4227 16 4932 20 5638 24 6344 31 7057 27 7767 23 8475 22 9185 18 9892 18 10600 15 11307 15 12014 16 12721 18 13428 18 14135 18 14842 19 15549 25 16256 25 16963 23 17669 23 18376 22 19084 22 19790 22 20497 21 21204 22 21912 21 22619 23 23326 23 24033 22 24740 23 25450 17
d48ec7815252,60769 11 61462 22 62162 27 62864 28 63567 29 64270 29 64973 30 65677 30 66381 29 67085 29 67789 29 68494 29 69198 29 69903 29 70608 28 71313 27 72017 27 72722 25 73427 23 74131 22 74835 20 75539 18 76243 16 76947 13 77651 9 78356 4
d48ec7815252,248662 2 249363 8 250066 10 250770 10 251473 12 252177 12 252881 12 253585 13 254289 13 254993 14 255697 14 256401 14 257105 15 257809 15 258513 16 259217 17 259922 16 260626 17 261330 17 262035 17 262739 17 263444 17 264149 17 264853 17 265558 17 266263 17 266967 17 267672 17 268376 17 269081 17 269786 16 270490 16 271195 16 271900 15 272605 15 273310 15 274015 15 274720 15 275424 16 276129 15 276835 14 277539 15 278244 15 278949 15 279654 15 280359 14 281063 15 281768 15 282473 15 283178 15 283883 16 284588 15 285292 16 285997 15 286702 15 287406 16 288111 16 288816 15 289520 16 290225 16 290930 16 291634 17 292339 17 293043 18 293748 18 294452 1 294455 16 295160 16 295865 15 296570 16 297276 15 297981 14 298686 14 299390 15 300095 15 300799 15 301504 15 302209 15 302914 14 303619 14 304324 13 305029 13 305734 12 306439 12 307144 11 307848 12 308553 11 309258 10 309963 10 310667 10 311372 9 312077 8 312781 9 313486 9 314190 9 314895 8 315600 7 316304 8 317009 7 317713 7 318418 7 319122 8 319827 7 320532 7 321236 7 321941 6 322645 7 323349 8 324054 7 324759 7 325463 7 326168 8 326872 8 327577 8 328282 7 328986 7 329691 7 330395 7 331099 7 331804 7 332509 6 333214 6 333919 5 334624 3
d48ec7815252,359553 8 360256 11 360958 19 361661 32 362365 41 363069 49 363774 56 364479 57 365222 17
d48ec7815252,58398 4 59101 6 59804 7 60507 9 61211 10 61914 11 62618 12 63322 13 64025 14 64729 14 65433 15 66137 16 66841 16 67545 17 68249 17 68953 18 69657 19 70361 20 71065 21 71769 21 72474 21 73178 22 73882 23 74586 24 75290 24 75994 25 76698 25 77402 25 78106 25 78810 25 79515 23 80219 22 80923 21 81627 20 82331 19 83035 17 83739 16 84443 16 85147 15 85851 14 86556 12 87260 11 87964 10 88668 10 89372 9 90076 9 90780 8 91484 7 92188 7 92892 7 93597 5 94302 3
d48ec7815252,49597 8 50300 11 51003 12 51707 12 52411 13 53115 13 53819 14 54524 14 55228 14 55932 14 56636 14 57340 14 58044 14 58748 14 59452 14 60156 14 60861 13 61565 13 62270 11 62973 12 63677 12 64381 13 65084 14 65788 14 66492 14 67195 15 67899 15 68602 16 69306 17 70009 18 70713 18 71417 18 72120 19 72824 18 73528 18 74231 20 74935 20 75638 21 76342 21 77046 21 77750 22 78453 23 79157 24 79860 26 80563 28 81266 30 81969 33 82672 37 83374 44 84077 46 84779 48 85482 49 86185 50 86885 52 87586 53 88283 58 88984 57 89686 57 90390 54 91093 52 91797 51 92501 47 93206 17 93228 9 93244 7 93912 10
d48ec7815252,225716 17 226413 26 227116 28 227819 29 228520 33 229222 36 229915 6 229925 37 230617 49 231319 52 232021 54 232723 56 233426 57 234130 57 234833 57 235536 58 236239 59 236940 61 237642 62 238345 63 239048 63 239751 63 240453 65 241155 66 241857 67 242560 68 243263 68 243967 67 244671 67 245375 65 246079 65 246784 63 247488 62 248192 61 248896 60 249601 58 250305 57 251009 56 251714 53 252418 52 253123 51 253827 50 254531 49 255235 48 255940 46 256644 45 257348 43 258052 42 258756 40 259460 39 260165 37 260868 37 261572 36 262276 34 262980 34 263684 33 264388 31 265092 31 265795 31 266499 29 267203 28 267907 27 268611 26 269315 25 270019 25 270723 24 271426 24 272130 23 272834 22 273537 22 274241 22 274944 22 275647 22 276351 21 277054 22 277757 22 278461 22 279164 22 279867 22 280570 23 281273 23 281976 24 282679 24 283382 25 284085 25 284788 26 285492 25 286196 24 286900 24 287604 23 288309 21 289015 17 289721 13 290429 8
d48ec7815252,94577 14 95280 19 95306 7 95978 4 95983 41 96681 51 97385 54 98089 56 98793 58 99497 61 100201 63 100905 69 101610 72 102314 88 103019 89 103723 92 104428 92 105133 91 105837 92 106541 93 107246 92 107950 90 108655 89 109359 86 110063 83 110768 77 111472 73 112176 70 112881 66 113585 64 114289 61 114993 59 115697 56 116402 53 117107 50 117811 49 118516 46 119221 44 119926 42 120631 40 121335 39 122040 37 122745 35 123449 35 124154 33 124859 31 125563 30 126268 28 126972 27 127677 25 128382 23 129087 21 129791 19 130496 17 131202 13 131908 7
d48ec7815252,60608 6 61310 9 62014 10 62717 12 63420 15 64123 16 64826 18 65529 20 66232 22 66935 23 67638 25 68341 26 69045 27 69748 29 70451 30 71155 31 71858 33 72562 34 73266 35 73971 36 74674 38 75378 38 76082 39 76785 40 77489 40 78192 41 78895 42 79599 42 80303 41 81008 40 81713 39 82418 37 83124 35 83830 32 84535 30 85241 28 85948 24 86654 21 87361 18 88070 12 88781 2
d48ec7815252,28271 6 28975 11 29678 15 30383 15 31088 16 31793 17 32500 19 33205 20 33911 19 34616 20 35323 18 36028 18 36734 17 37440 16 38145 16 38851 15 39557 13 40263 12 40968 12 41674 12 42380 12 43085 13 43791 14 44496 15 45202 18 45907 24 46612 26 47318 25 48023 25 48729 24 49434 23 50140 22 50845 21 51550 20 52256 19 52961 18 53667 17 54372 16 55076 16 55781 16 56487 14 57192 13 57897 12 58602 11 59308 9 60013 8 60719 5 61424 4 62129 3
d48ec7815252,250767 3 251470 3 252174 3 252878 3 253582 3 254286 3 254990 3 255694 3 256398 3 257102 3 257807 2 258511 2 259215 2 259920 2 260624 2 261329 1 262033 2 262738 1 263443 1 264147 2 264852 1 265557 1 266261 2 266966 1 267671 1 268375 1 269080 1 269785 1 270506 1 271899 1 271915 1 272604 1 272620 1 273309 1 273325 1 274014 1 274719 1 275423 1 276128 1 276833 2 277538 1 278242 2 278947 2 279652 2 280357 2 281062 1 281766 2 282471 2 283176 2 283881 2 284586 2 285290 2 285995 2 286700 2 287404 2 288109 2 288814 2 289518 2 290223 2 290928 2 291632 2 292337 2 293041 2 293746 2 294450 2 294453 2 295154 6 295859 6 296564 6 297268 8 297973 8 298677 9 299382 8 300086 8 300791 7 301496 4
d48ec7815252,258496 3 259199 6 259903 6 260607 7 261310 8 262014 9 262718 9 263422 9 264127 8 264831 8 265535 8 266239 8 266943 8 267647 8 268351 8 269055 7 269759 7 270463 7 271167 7 271871 7 272575 7 273279 7 273983 7 274687 7 275391 7 276095 7 276799 7 277503 7 278207 7 278911 7 279615 7 280320 6 281024 6 281728 6 282432 6 283136 6 283840 6 284544 6 285248 6 285952 6 286656 6 287361 5 288065 5 288769 5 289473 5 290177 6 290881 6 291585 6 292289 6 292993 6 293697 6 294401 6 295105 6 295809 6 296513 6 297217 6 297921 6 298625 7 299329 7 300033 7 300737 7 301441 8 302144 9 302848 9 303552 9 304256 9 304960 10 305664 10 306367 11 307071 11 307775 12 308479 12 309182 14 309886 15 310590 16 311293 19 311997 20 312701 21 313404 22 314107 22 314810 23 315514 23 316217 24 316920 24 317623 25 318326 25 319029 26 319731 27 320433 28 321136 28 321839 29 322543 28 323247 28 323951 27 324654 28 325358 28 326062 27 326766 27 327470 27 328174 27 328878 27 329582 27 330287 26 330991 25 331696 24 332400 24 333104 23 333809 21 334514 19 335219 17 335924 15 336630 11
d48ec7815252,143576 14 144278 17 144981 18 145684 19 146388 19 147092 2 147097 14 147796 2 147800 15 148500 18 149203 18 149905 19 150608 18 151310 18 152013 18 152715 19 153415 23 154111 30 154813 32 155516 32 156219 32 156922 32 157625 32 158329 31 159032 31 159749 17 160455 14 161161 11 161865 11 162570 10 163274 9 163979 6 164684 3
d48ec7815252,39414 9 40111 16 40814 17 41519 14 42223 14 42926 13 43630 13 44333 12 45033 15 45737 14 46438 17 47142 17 47845 19 47868 1 48548 27 49250 29 49954 29 50658 23 50684 1 50686 1 51362 23 52067 21 52771 21 53475 22 53500 3 54179 22 54204 3 54883 22 54908 3 55587 22 55612 3 56290 29 56994 18 57013 10 57697 18 57717 10 58402 1 58404 15 58421 10 59109 4 59116 19 59813 4 59824 15 60517 4 60528 15 61221 4 61232 15 61925 4 61936 15 62631 2 62640 15 63335 2 63344 15 64048 14 64752 14 65457 13 66161 12 66865 11 67568 12 68270 14 68974 14 69678 14 70382 14 71087 12 71791 12 72496 10 73200 9 73906 6 74611 3 75316 2 76020 2
d48ec7815252,115923 5 116627 7 117331 8 118036 7 118740 8 119444 8 120149 7 120853 7 121556 8 122260 8 122964 8 123668 8 124372 8 125076 8 125780 8 126484 8 127188 8 127892 8 128595 9 129299 9 130003 9 130707 9 131411 9 132115 9 132819 9 133522 10 134226 11 134929 12 135633 12 136337 12 137040 13 137744 13 138447 14 139151 15 139854 16 140558 16 141261 17 141965 17 142668 18 143371 19 144075 19 144778 20 145481 21 146184 22 146887 24 147591 24 148293 26 148996 27 149699 28 150399 31 151102 32 151804 34 152505 37 153207 39 153911 39 154613 41 155318 40 156026 36 156732 34 157439 31 158148 26 158854 24 159560 22 160266 19 160971 18 161676 16 162382 14 163088 11 163794 8 164499 6
d48ec7815252,195290 2 195993 4 196697 6 197401 7 198105 7 198809 8 199514 7 200218 7 200923 7 201628 7 202332 8 203036 9 203741 9 204445 9 205149 10 205853 11 206558 11 207262 12 207966 13 208670 14 209375 15 210079 17 210783 18 211488 18 212192 19 212896 20 213600 22 214304 24 215008 26 215712 28 216417 28 217121 31 217825 34 218529 36 219234 38 219938 41 220642 43 221346 46 222050 47 222753 51 223456 54 224158 57 224860 61 225561 65 226261 70 226961 76 227664 79 228366 81 229068 83 229771 84 230474 86 231177 89 231880 91 232583 94 233286 73 233363 19 233989 73 234073 15 234692 73 234779 14 235395 74 235485 14 236099 74 236191 13 236803 74 236898 11 237507 74 237605 8 238210 74 238311 7 238914 73 239617 50 240321 42 241024 34 241728 31 242432 28 243136 26 243840 24 244545 19 245252 11
d48ec7815252,262968 6 263671 8 264374 10 265077 12 265781 13 266484 15 267188 15 267891 16 268595 16 269298 17 270002 17 270706 17 271410 16 272114 16 272818 16 273523 14 274228 13 274933 11 275639 8 276347 4
d48ec7815252,361732 28 362434 36 363137 42 363838 49 364540 52 365244 53
d48ec7815252,328865 4 329567 8 330270 11 330973 13 331676 16 332381 16 333085 18 333789 19 334493 20 335197 21 335901 22 336604 23 337308 24 338012 24 338715 26 339418 28 340122 29 340826 30 341529 32 342233 33 342936 34 343639 36 344342 38 345045 40 345747 43 346451 44 347155 45 347859 46 348564 46 349269 46 349975 45 350681 44 351388 42 352093 42 352798 42 353502 43 354206 44 354909 45 355612 47 356315 5 356326 37 357018 3 357033 35 357721 2 357742 30 358451 25 359158 21 359865 18 360572 12 361280 7
d48ec7815252,313878 2 314581 4 315285 5 315989 5 316693 5 317398 4 318102 5 318806 5 319511 4 320215 5 320919 5 321623 5 322327 5 323032 4 323736 5 324440 5 325145 5 325849 5 326554 5 327258 6 327963 10 328667 14 329372 15 330076 17 330781 18 331487 17 332193 17 332899 16 333605 16 334311 14 335015 15 335720 15 336424 15 337129 15 337833 15 338537 16 339242 16 339946 17 340650 18 341355 17 342060 17 342773 10 343479 9 344184 10 344890 10 345596 9 346302 9 347007 9 347713 9 348418 10 349123 10 349829 9 350536 6 351243 2
d48ec7815252,78884 5 79566 2 79583 11 80269 30 80973 32 81678 33 82383 35 83087 37 83792 37 84497 37 85202 38 85908 38 86613 38 87319 36 88025 33 88729 32 89433 30 90138 28 90843 26 91547 25 92251 26 92955 25 93659 23 94362 24 95066 23 95771 20 96477 16 97182 15 97890 11 98594 11 99298 10 100001 10 100705 9 101409 5
d48ec7815252,103262 7 103965 8 104668 1 104672 5 105376 5 106081 4 106785 5 107489 5 108192 6 108895 7 109597 9 110298 13 110999 16 111700 19 112405 18 113104 23 113809 23 114515 21 115222 18 115928 16 116634 15 117339 14 118043 14 118748 14 119452 14 120156 15 120860 16 121564 16 122268 17 122972 18 123676 19 124380 19 125084 20 125788 21 126492 22 127196 24 127900 26 128604 29 129308 32 130012 34 130716 35 131420 35 132124 36 132828 37 133532 37 134237 36 134941 36 135645 36 136349 36 137053 37 137757 37 138461 36 139166 35 139870 35 140574 35 141278 35 141982 35 142686 34 143390 34 144094 33 144798 33 145502 32 146206 31 146911 27 147615 25 148319 23 149023 22 149727 20 150430 20 151134 19 151838 18 152542 16 153246 15 153950 14 154654 13 155358 13 156062 12 156766 11 157470 10 158174 9 158878 8 159582 7
d48ec7815252,278967 1 279671 1 280375 2 281079 4 281784 3 282488 4 283193 3 283899 1 284603 2 285308 2 286012 3 286717 2 287422 2 288127 1 288831 2 289536 2 290241 2 290946 1 291651 1 292356 2 293061 2 293766 1 294471 1 295176 1 295880 2 297995 1 298700 1 299405 1 300110 1 300814 1 301519 1 302224 1 302928 2 303633 1 304337 2 305042 1 305733 1 305746 2 306438 1 306451 1 307143 1 307155 1 308564 1 309268 1 309962 1 310677 1 311381 1 312076 1 312085 1 313485 1 314189 1 314894 1 315599 1 315607 1 316303 1 317008 1 317016 1 317720 1 318425 1 321947 1 333918 1 333924 1 334623 1 334627 2 335328 4
d48ec7815252,1734 16 2439 14 3144 13 3849 11 4555 9 5260 7 5965 5 6669 4 7373 3 8077 3 8781 3 9484 3 10189 2 10893 1 11597 1 13004 1 14411 1 15115 1 16517 1 16522 1 17929 1 19336 1
d48ec7815252,55092 1 55797 2 56501 4 57205 5 57242 3 57909 6 57945 6 58613 8 58649 5 59317 11 60021 14 60724 18 60749 4 61428 33 62132 30 62836 28 63541 26 64245 25 64950 23 65655 22 66360 21 67065 20 67771 18 68477 16 69182 3
d48ec7815252,150329 6 151030 12 151734 13 152437 16 153140 18 153843 24 153879 2 154546 40 155248 42 155926 3 155950 43 156629 8 156650 46 157333 12 157348 51 158037 64 158742 61 159447 58 160153 55 160861 50 161567 47 162274 42 162981 38 163687 36 164394 32 165102 28 165808 25 166514 23 167219 21 167925 19 168630 17 169334 16 170039 15 170744 14 171448 13 172153 12 172857 12 173562 11 174266 11 174971 10 175675 10 176380 9 177084 9 177788 9 178492 9 179196 9 179900 9 180605 8 181309 8 182014 7 182718 7 183422 7 184127 6 184831 6 185535 7 186240 6 186944 6 187649 6 188353 6 189058 6 189762 6 190466 6 191171 5 191875 5 192580 5 193284 5 193989 5 194693 5 195397 5 196102 5 196806 5 197510 5 198215 4 198920 2 199625 1
d48ec7815252,240430 8 241134 9 241838 10 242542 10 243246 11 243950 12 244655 11 245359 12 246064 11 246769 11 247473 12 248178 11 248883 11 249587 11 250292 11 250996 11 251700 12 252404 13 253109 12 253813 13 254517 13 255221 13 255925 13 256629 13 257333 13 258037 13 258741 13 259446 12 260150 12 260854 12 261559 10 262263 10 262974 3
d48ec7815252,68243 1 68945 5 69647 7 70350 9 71052 11 71746 20 72449 21 73152 24 73854 26 74558 27 75261 28 75964 29 76667 29 77369 21 78069 22 78772 21 79475 20 80179 18 80883 14 81587 11 82291 9 82995 7 83700 2
d48ec7815252,55842 1 56546 2 57250 16 57954 17 58645 1 58648 1 58654 23 59351 31 60053 33 60756 13 60780 9 61461 1 61484 7 62189 4 62892 3 63596 1
d48ec7815252,4866 4 5569 6 6273 6 6978 5 7682 5 8386 4 9090 4 9794 4 10497 5 11201 5 11905 6 12609 6 13313 6 14017 6 14721 6 15425 6 16129 6 16833 6 17537 7 18240 8 18944 9 19649 8 20352 9 21056 10 21760 11 22464 11 23168 11 23872 11 24576 12 25280 12 25984 13 26688 13 27393 12 28097 12 28801 12 29505 13 30210 13 30915 12 31619 13 32323 4 32329 8 33028 2 33034 8 33741 6 34446 6 35152 5 35858 5 36562 7 37266 11 37971 15 38675 20 39380 28 40085 26 40793 21 41502 17 42214 7
